regime,modelo,n_semanas,retorno_acumulado,retorno_anualizado,vol_anual,sharpe,sortino,max_drawdown
cauda,1/N,53,-0.07836663833587665,-0.07694644217597857,0.551016209392715,-0.13964460729890804,-0.23976510124734884,-0.5597482007612262
cauda,kl,53,-0.26122617943231297,-0.2569938433731035,0.5220080004092713,-0.4923178249597936,-0.7516889134612628,-0.5745663496041749
cauda,renyi,53,-0.2319361602887563,-0.22810250092559148,0.5179035141267858,-0.4404343564074575,-0.7030992810824113,-0.5616436034542479
cauda,shannon,53,-0.2727302139576423,-0.2683471587082453,0.5154912695204322,-0.5205658651753539,-0.8246032045062266,-0.5659653512376305
cauda,tsallis,53,-0.24612215109067448,-0.24209275520727402,0.5184258508076979,-0.4669766270916043,-0.7456308901746378,-0.5616834680982328
cauda,wse,53,-0.2569013322484557,-0.2527265233091528,0.5188803318904949,-0.48706128904205315,-0.7826511708999324,-0.5622122550676201
expansao,1/N,38,0.9517511978463997,1.4970252722359558,0.8414050136044309,1.779196995538407,2.5750418761738163,-0.4829143680808522
expansao,kl,38,2.1830419318549987,3.8764084074373164,1.0362340148563274,3.740861959617081,6.195145436848362,-0.42704969000138504
expansao,renyi,38,1.605265994841695,2.707325587143047,0.9696505921702889,2.7920630472503127,4.204106941499279,-0.4803305312746352
expansao,shannon,38,1.6844008546881937,2.862280107579622,0.9851394661084557,2.9054567460243326,4.525150779786567,-0.45343179825312296
expansao,tsallis,38,1.5973137259863792,2.691849005686978,0.9732067193269852,2.765958097318223,4.218493874284205,-0.47366713266659366
expansao,wse,38,1.8527218764532942,3.1974602488910353,1.0049368382228125,3.181752451771602,5.075727573156753,-0.4356870335319868
recuperacao,1/N,117,3.9803132141965483,1.0412295527152335,0.5549069863677449,1.876403754673933,3.413562885763152,-0.3431754486536408
recuperacao,kl,117,4.684320925078926,1.1647747136446212,0.5924549106926608,1.9660141094667276,3.53056963338222,-0.3909244682919215
recuperacao,renyi,117,4.837903344261228,1.1905774987034752,0.59395320187289,2.004497147164579,3.571754669116565,-0.36376478759196484
recuperacao,shannon,117,4.900859756311787,1.2010454936526629,0.6087047587838318,1.9731166486233895,3.544081700256468,-0.3874358514770072
recuperacao,tsallis,117,4.880385190991122,1.1976479500935766,0.5992934775125468,1.9984331467523817,3.573273080255425,-0.3589540115996934
recuperacao,wse,117,4.876731023738693,1.197040887834135,0.6123199016272973,1.9549272931565462,3.5011744093826933,-0.3999649496012324
stress,1/N,52,-0.7260384295039526,-0.7260384295039526,0.6844630721411824,-1.0607415637964388,-1.5110391788366535,-0.6989622174629212
stress,kl,52,-0.7775234348827507,-0.7775234348827507,0.7261493848366591,-1.0707485968023613,-1.6750510825129616,-0.7420025563150724
stress,renyi,52,-0.7513896537533629,-0.7513896537533629,0.697384372874406,-1.0774397634641044,-1.7060372048756105,-0.7151154158271352
stress,shannon,52,-0.7714209193038364,-0.7714209193038364,0.7165015803033237,-1.0766492922140705,-1.6958739969610446,-0.736757337149482
stress,tsallis,52,-0.756629140095072,-0.756629140095072,0.7024380881412918,-1.0771470865100354,-1.6891661319291078,-0.7207511921007823
stress,wse,52,-0.7791046180573646,-0.7791046180573646,0.7283614355379815,-1.0696675854095752,-1.6634141817713084,-0.7437706462118401
